image,text
000001.jpg,000001.txt
000002.jpg,000002.txt
000003.jpg,000003.txt
000004.jpg,000004.txt
000005.jpg,000005.txt
000006.jpg,000006.txt
000007.jpg,000007.txt
000008.jpg,000008.txt
000009.jpg,000009.txt
000010.jpg,000010.txt
000011.jpg,000011.txt
000012.jpg,000012.txt
000013.jpg,000013.txt
000014.jpg,000014.txt
000015.jpg,000015.txt
000016.jpg,000016.txt
000017.jpg,000017.txt
000018.jpg,000018.txt
000019.jpg,000019.txt
000020.jpg,000020.txt
000021.jpg,000021.txt
000022.jpg,000022.txt
000023.jpg,000023.txt
000024.jpg,000024.txt
000025.jpg,000025.txt
000026.jpg,000026.txt
000027.jpg,000027.txt
000028.jpg,000028.txt
000029.jpg,000029.txt
000030.jpg,000030.txt
000031.jpg,000031.txt
000032.jpg,000032.txt
000033.jpg,000033.txt
000034.jpg,000034.txt
000035.jpg,000035.txt
000036.jpg,000036.txt
000037.jpg,000037.txt
000038.jpg,000038.txt
000039.jpg,000039.txt
000040.jpg,000040.txt
000041.jpg,000041.txt
000042.jpg,000042.txt
000043.jpg,000043.txt
000044.jpg,000044.txt
000045.jpg,000045.txt
000046.jpg,000046.txt
000047.jpg,000047.txt
000048.jpg,000048.txt
000049.jpg,000049.txt
000050.jpg,000050.txt
000051.jpg,000051.txt
000052.jpg,000052.txt
000053.jpg,000053.txt
000054.jpg,000054.txt
000055.jpg,000055.txt
000056.jpg,000056.txt
000057.jpg,000057.txt
000058.jpg,000058.txt
000059.jpg,000059.txt
000060.jpg,000060.txt
000061.jpg,000061.txt
000062.jpg,000062.txt
000063.jpg,000063.txt
000064.jpg,000064.txt
000065.jpg,000065.txt
000066.jpg,000066.txt
000067.jpg,000067.txt
000068.jpg,000068.txt
000069.jpg,000069.txt
000070.jpg,000070.txt
000071.jpg,000071.txt
000072.jpg,000072.txt
000073.jpg,000073.txt
000074.jpg,000074.txt
000075.jpg,000075.txt
000076.jpg,000076.txt
000077.jpg,000077.txt
000078.jpg,000078.txt
000079.jpg,000079.txt
000080.jpg,000080.txt
000081.jpg,000081.txt
000082.jpg,000082.txt
000083.jpg,000083.txt
000084.jpg,000084.txt
000085.jpg,000085.txt
000086.jpg,000086.txt
000087.jpg,000087.txt
000088.jpg,000088.txt
000089.jpg,000089.txt
000090.jpg,000090.txt
000091.jpg,000091.txt
000092.jpg,000092.txt
000093.jpg,000093.txt
000094.jpg,000094.txt
000095.jpg,000095.txt
000096.jpg,000096.txt
000097.jpg,000097.txt
000098.jpg,000098.txt
000099.jpg,000099.txt
000100.jpg,000100.txt